Timestamp,Title,Category,Location,Sidekicks,Era,Memory_Type,Memory_Description,Attachment,combined_text,word_count,tts_time_seconds,is_long_story
3/27/2023 17:30:20,first marathon,Personal,lincoln,,Midlife,accomplishment,"ran my first marathon. the last mile was brutal, but crossing the finish line was pure euphoria.",,"first marathon ran my first marathon. the last mile was brutal, but crossing the finish line was pure euphoria. Location: lincoln Sidekicks: nan Memory Type: accomplishment",17,6.8,False
4/27/2023 17:30:20,the time i met my idol,Personal,concert venue,,Childhood,happy,i met my idol at a concert. it was a dream come true. i was so excited to meet them and get their autograph.,,the time i met my idol i met my idol at a concert. it was a dream come true. i was so excited to meet them and get their autograph. Location: concert venue Sidekicks: nan Memory Type: happy,24,9.6,False
1/10/2024 18:07:44,starting my own business,Professional,san francisco,,Midlife,excited,"quitting my job to start my own business was terrifying. i had saved up for years, drafted countless plans, and yet, nothing prepared me for the sheer adrenaline of launching my first product. the first sale came at 2 am—i refreshed the page three times to make sure it was real. that was the moment i knew i was onto something.",,"starting my own business quitting my job to start my own business was terrifying. i had saved up for years, drafted countless plans, and yet, nothing prepared me for the sheer adrenaline of launching my first product. the first sale came at 2 am—i refreshed the page three times to make sure it was real. that was the moment i knew i was onto something. Location: san francisco Sidekicks: nan Memory Type: excited",61,24.4,False
1/11/2024 6:23:33,first job interview,Professional,corporate office,mr. smith,Twenties,nervous,"i was so nervous i almost spilled my coffee on the interviewer! despite my nerves, i managed to answer his questions and landed the job. it was the start of my career.",,"first job interview i was so nervous i almost spilled my coffee on the interviewer! despite my nerves, i managed to answer his questions and landed the job. it was the start of my career. Location: corporate office Sidekicks: mr. smith Memory Type: nervous",32,12.8,False
1/12/2024 14:57:14,family christmas,Personal,home,,Midlife,excited,"christmas at our house is always chaotic but filled with love. the kids open presents, we eat a huge meal, and then play games late into the night. it's my favorite time of year.",,"family christmas christmas at our house is always chaotic but filled with love. the kids open presents, we eat a huge meal, and then play games late into the night. it's my favorite time of year. Location: home Sidekicks: nan Memory Type: excited",34,13.6,False
1/12/2024 16:31:54,learning to play guitar,Personal,living room,kent,Encore,angst,"i always wanted to learn an instrument, and retirement seemed like the perfect opportunity. it's challenging but rewarding. i'm not very good yet, but i enjoy practicing and learning new songs.",,"learning to play guitar i always wanted to learn an instrument, and retirement seemed like the perfect opportunity. it's challenging but rewarding. i'm not very good yet, but i enjoy practicing and learning new songs. Location: living room Sidekicks: kent Memory Type: angst",31,12.4,False
1/12/2024 21:33:21,the blizzard of '92,Personal,new york,family,Midlife,adventurous,"the snowstorm hit suddenly, turning the city into a frozen wonderland. with the power out, we bundled up in blankets and told stories by candlelight. the next morning, we ventured outside to find the streets covered in waist-high snowdrifts. i’ll never forget the sight of kids sledding down park avenue—it was like the city had turned into one giant playground.",,"the blizzard of '92 the snowstorm hit suddenly, turning the city into a frozen wonderland. with the power out, we bundled up in blankets and told stories by candlelight. the next morning, we ventured outside to find the streets covered in waist-high snowdrifts. i’ll never forget the sight of kids sledding down park avenue—it was like the city had turned into one giant playground. Location: new york Sidekicks: family Memory Type: adventurous",60,24.0,False
1/13/2024 5:41:40,visiting the grand canyon,Personal,grand canyon national park,manscouts,Senior,exhilarating,"the sheer scale of the canyon is breathtaking. i felt so small and insignificant standing at the edge, looking out at the vast landscape. it's a memory i'll cherish forever.",,"visiting the grand canyon the sheer scale of the canyon is breathtaking. i felt so small and insignificant standing at the edge, looking out at the vast landscape. it's a memory i'll cherish forever. Location: grand canyon national park Sidekicks: manscouts Memory Type: exhilarating",30,12.0,False
1/13/2024 6:05:27,building a treehouse,Personal,backyard,dad,Childhood,proud,"we spent weeks constructing the treehouse. it wasn't perfect, but it was ours. we spent countless hours playing in it, pretending it was a pirate ship or a secret hideout.",,"building a treehouse we spent weeks constructing the treehouse. it wasn't perfect, but it was ours. we spent countless hours playing in it, pretending it was a pirate ship or a secret hideout. Location: backyard Sidekicks: dad Memory Type: proud",30,12.0,False
1/14/2024 7:17:24,college graduation,Personal,university stadium,my family,Twenties,happy,walking across the stage to receive my diploma was a moment of pure triumph. all those years of studying and hard work had finally paid off.,,college graduation walking across the stage to receive my diploma was a moment of pure triumph. all those years of studying and hard work had finally paid off. Location: university stadium Sidekicks: my family Memory Type: happy,26,10.4,False
1/15/2024 11:12:09,first job interview,Professional,seattle,,Twenties,nervous,"my palms were sweaty as i walked into the office for my first real job interview. i had practiced answering common questions, but nothing could stop the butterflies in my stomach. the interviewer smiled and asked, ‘tell me about yourself.’ my mind went blank for a second before i blurted out, ‘i really like spreadsheets.’ somehow, i still got the job.",,"first job interview my palms were sweaty as i walked into the office for my first real job interview. i had practiced answering common questions, but nothing could stop the butterflies in my stomach. the interviewer smiled and asked, ‘tell me about yourself.’ my mind went blank for a second before i blurted out, ‘i really like spreadsheets.’ somehow, i still got the job. Location: seattle Sidekicks: nan Memory Type: nervous",61,24.4,False
1/15/2024 6:32:58,attending a concert,Personal,concert hall,,Senior,happy,i love listening to live music. it's such a powerful experience.,,attending a concert i love listening to live music. it's such a powerful experience. Location: concert hall Sidekicks: nan Memory Type: happy,11,4.4,False
1/18/2024 16:20:45,camping in the rockies,Personal,colorado,best friend,Twenties,adventurous,"we had packed light—too light, as it turned out. the temperature dropped below freezing, and we huddled in our sleeping bags, regretting every ounce of gear we had left behind. but waking up to the sun rising over the rockies, painting the sky in shades of pink and gold, made it all worth it.",,"camping in the rockies we had packed light—too light, as it turned out. the temperature dropped below freezing, and we huddled in our sleeping bags, regretting every ounce of gear we had left behind. but waking up to the sun rising over the rockies, painting the sky in shades of pink and gold, made it all worth it. Location: colorado Sidekicks: best friend Memory Type: adventurous",54,21.6,False
1/18/2024 7:20:00,my wedding day,Personal,local church,wife & family,Midlife,happy,"it was the most magical day of my life. everything was perfect, from the flowers to the music to the vows. i felt like a princess.",,"my wedding day it was the most magical day of my life. everything was perfect, from the flowers to the music to the vows. i felt like a princess. Location: local church Sidekicks: wife & family Memory Type: happy",26,10.4,False
1/19/2024 5:50:12,volunteering at the animal shelter,Professional,local animal shelter,,Encore,rewarding,"it's so rewarding to help animals in need. i love spending time with the dogs and cats, giving them attention and love.",,"volunteering at the animal shelter it's so rewarding to help animals in need. i love spending time with the dogs and cats, giving them attention and love. Location: local animal shelter Sidekicks: nan Memory Type: rewarding",22,8.8,False
1/19/2024 8:01:29,first promotion at work,Professional,office building,boss,Twenties,proud,i worked hard and it felt great to be recognized for my efforts. it motivated me to keep striving for success.,,first promotion at work i worked hard and it felt great to be recognized for my efforts. it motivated me to keep striving for success. Location: office building Sidekicks: boss Memory Type: proud,21,8.4,False
1/20/2024 13:58:32,my first apartment,Personal,los angeles,,Twenties,excited,"it was tiny, the walls were thin, and the neighbors were noisy—but it was mine. i had mismatched furniture from thrift stores and a mattress on the floor. cooking my first meal (burnt pasta) felt like a victory. independence had never tasted so… smoky.",,"my first apartment it was tiny, the walls were thin, and the neighbors were noisy—but it was mine. i had mismatched furniture from thrift stores and a mattress on the floor. cooking my first meal (burnt pasta) felt like a victory. independence had never tasted so… smoky. Location: los angeles Sidekicks: nan Memory Type: excited",44,17.6,False
1/23/2024 06:30:17,first bike,Personal,hometown,,Childhood,joyful,"christmas morning as a child. rushing downstairs, heart pounding, and seeing the big red bike under the tree.",,"first bike christmas morning as a child. rushing downstairs, heart pounding, and seeing the big red bike under the tree. Location: hometown Sidekicks: nan Memory Type: joyful",18,7.2,False
1/23/2024 09:20:24,first presentation,Professional,lincoln,,Midlife,achievement,"first big presentation at work. i was nervous, but i nailed it. my boss gave me a nod of approval afterward.",,"first presentation first big presentation at work. i was nervous, but i nailed it. my boss gave me a nod of approval afterward. Location: lincoln Sidekicks: nan Memory Type: achievement",21,8.4,False
1/23/2024 15:00:22,our dog max,Personal,lincoln,,Midlife,heartwarming,"the day i adopted my dog, max. he was so small, scared, and adorable. he wouldn’t stop licking my face.",,"our dog max the day i adopted my dog, max. he was so small, scared, and adorable. he wouldn’t stop licking my face. Location: lincoln Sidekicks: nan Memory Type: heartwarming",20,8.0,False
1/23/2024 19:50:15,going to college,Personal,lincoln,parents,Twenties,milestone,"college move-in day. my parents helped me set up my tiny dorm room, and i met my roommate for the first time.",,"going to college college move-in day. my parents helped me set up my tiny dorm room, and i met my roommate for the first time. Location: lincoln Sidekicks: parents Memory Type: milestone",22,8.8,False
1/23/2024 8:40:17,becoming a parent,Personal,dallas,spouse,Midlife,overwhelmed,"nothing prepared me for the moment i held my child for the first time. the world seemed to stop as i stared into those tiny eyes. i had read all the parenting books, but at that moment, i realized that nothing could truly teach me what it meant to be a parent—it was something i’d have to learn one day at a time.",,"becoming a parent nothing prepared me for the moment i held my child for the first time. the world seemed to stop as i stared into those tiny eyes. i had read all the parenting books, but at that moment, i realized that nothing could truly teach me what it meant to be a parent—it was something i’d have to learn one day at a time. Location: dallas Sidekicks: spouse Memory Type: overwhelmed",63,25.2,False
1/25/2024 22:19:50,winning the science fair,Personal,denver,school friends,Childhood,happy,"i spent weeks building my project—a homemade volcano powered by baking soda and vinegar. when the eruption worked perfectly in front of the judges, i knew i had nailed it. taking home the first-place ribbon felt like winning an olympic medal.",,"winning the science fair i spent weeks building my project—a homemade volcano powered by baking soda and vinegar. when the eruption worked perfectly in front of the judges, i knew i had nailed it. taking home the first-place ribbon felt like winning an olympic medal. Location: denver Sidekicks: school friends Memory Type: happy",41,16.4,False
1/27/2024 10:14:30,the family road trip,Personal,route 66,family,Childhood,adventurous,a cross-country trip in a station wagon with no air conditioning and a cooler full of sandwiches. we sang along to every radio hit and fought over the best window seat. stopping at roadside attractions like the giant ball of yarn made every mile worth it.,,the family road trip a cross-country trip in a station wagon with no air conditioning and a cooler full of sandwiches. we sang along to every radio hit and fought over the best window seat. stopping at roadside attractions like the giant ball of yarn made every mile worth it. Location: route 66 Sidekicks: family Memory Type: adventurous,46,18.4,False
1/30/2024 15:45:12,first concert,Personal,nashville,best friend,Twenties,excited,"seeing my favorite band live was an experience i’ll never forget. the bass shook the floor, the lights flashed in perfect sync, and the energy of the crowd was electric. i lost my voice singing along but left with the best memories.",,"first concert seeing my favorite band live was an experience i’ll never forget. the bass shook the floor, the lights flashed in perfect sync, and the energy of the crowd was electric. i lost my voice singing along but left with the best memories. Location: nashville Sidekicks: best friend Memory Type: excited",42,16.8,False
1/30/2024 4:37:37,going to the beach,Personal,the coast,,Childhood,happy,"building sandcastles, swimming in the ocean, eating ice cream – those were the best days of summer.",,"going to the beach building sandcastles, swimming in the ocean, eating ice cream – those were the best days of summer. Location: the coast Sidekicks: nan Memory Type: happy",17,6.8,False
1/31/2024 17:23:14,buying our first house,Personal,milwaukee,,Twenties,happy,it was a huge milestone for us. we were so excited to finally have a place to call our own.,,buying our first house it was a huge milestone for us. we were so excited to finally have a place to call our own. Location: milwaukee Sidekicks: nan Memory Type: happy,20,8.0,False
1/31/2024 7:02:10,first kiss,Personal,lincoln,,Twenties,excited,it was awkward but exciting. a classic first kiss memory.,,first kiss it was awkward but exciting. a classic first kiss memory. Location: lincoln Sidekicks: nan Memory Type: excited,10,4.0,False
1/4/2024 6:56:54,first day of school,Personal,lincoln elementary,mrs. johnson,Childhood,excited,"i remember being so nervous walking into the classroom. all the other kids seemed to know each other, and i felt like the odd one out. mrs. johnson was so kind, though. she had a warm smile and a gentle voice. she helped me find my desk and introduced me to a few other kids. by the end of the day, i had made a new friend and wasn't nearly as scared.",,"first day of school i remember being so nervous walking into the classroom. all the other kids seemed to know each other, and i felt like the odd one out. mrs. johnson was so kind, though. she had a warm smile and a gentle voice. she helped me find my desk and introduced me to a few other kids. by the end of the day, i had made a new friend and wasn't nearly as scared. Location: lincoln elementary Sidekicks: mrs. johnson Memory Type: excited",72,28.8,False
1/4/2024 6:56:54,learning to ride a bike,Personal,my street,dad,Childhood,excited,"i fell so many times, but i kept getting back up. finally, i was riding on my own! it was a feeling of freedom and accomplishment.",,"learning to ride a bike i fell so many times, but i kept getting back up. finally, i was riding on my own! it was a feeling of freedom and accomplishment. Location: my street Sidekicks: dad Memory Type: excited",26,10.4,False
1/4/2024 7:15:32,grandpa's farm,Personal,kansas,grandpa,Childhood,happy,"summers at grandpa’s farm were pure magic. waking up to the smell of fresh biscuits, i’d run outside to feed the chickens before hopping on the tractor with grandpa. afternoons were spent catching fireflies in mason jars, and evenings meant storytelling under a sky bursting with stars. i remember the creaky old swing on the porch—it was my favorite spot to daydream.",,"grandpa's farm summers at grandpa’s farm were pure magic. waking up to the smell of fresh biscuits, i’d run outside to feed the chickens before hopping on the tractor with grandpa. afternoons were spent catching fireflies in mason jars, and evenings meant storytelling under a sky bursting with stars. i remember the creaky old swing on the porch—it was my favorite spot to daydream. Location: kansas Sidekicks: grandpa Memory Type: happy",62,24.8,False
1/5/2024 5:10:37,winning the science fair,Personal,school auditorium,mr. thompson,Twenties,happy,my project on solar energy took weeks of research and experimentation. i was so proud when i won first place! it validated all the hard work and sparked my interest in renewable energy.,,winning the science fair my project on solar energy took weeks of research and experimentation. i was so proud when i won first place! it validated all the hard work and sparked my interest in renewable energy. Location: school auditorium Sidekicks: mr. thompson Memory Type: happy,33,13.2,False
1/5/2024 5:58:34,birth of my daughter,Personal,city hospital,wife,Midlife,delight,"the moment i held my daughter for the first time, i knew my life had changed forever. it was an overwhelming feeling of love and responsibility. i remember staring at her tiny fingers and toes, marveling at how perfect she was. the sleepless nights that followed were tough, but they were worth every second.",,"birth of my daughter the moment i held my daughter for the first time, i knew my life had changed forever. it was an overwhelming feeling of love and responsibility. i remember staring at her tiny fingers and toes, marveling at how perfect she was. the sleepless nights that followed were tough, but they were worth every second. Location: city hospital Sidekicks: wife Memory Type: delight",54,21.6,False
1/5/2024 6:05:50,retirement trip to italy,Personal,rome,wife,Encore,happy,"after decades of working, it was finally time to relax and explore the world. italy had always been a dream destination. we spent two glorious weeks visiting ancient ruins, indulging in delicious food, and soaking up the vibrant culture. the highlight was definitely the gondola ride in venice – so romantic!",,"retirement trip to italy after decades of working, it was finally time to relax and explore the world. italy had always been a dream destination. we spent two glorious weeks visiting ancient ruins, indulging in delicious food, and soaking up the vibrant culture. the highlight was definitely the gondola ride in venice – so romantic! Location: rome Sidekicks: wife Memory Type: happy",51,20.4,False
1/5/2024 6:10:29,grandchild's graduation,Personal,local high school,,Senior,happy,"it was such a joy to see my grandson graduate. he's such a bright young man, and i'm so proud of all he's accomplished. it reminded me of my own graduation day, so many years ago. time flies by so quickly!",,"grandchild's graduation it was such a joy to see my grandson graduate. he's such a bright young man, and i'm so proud of all he's accomplished. it reminded me of my own graduation day, so many years ago. time flies by so quickly! Location: local high school Sidekicks: nan Memory Type: happy",41,16.4,False
1/6/2024 7:33:55,summer camp adventure,Personal,camp winona,,Childhood,angst,"the canoe trip down the river was both terrifying and exhilarating. we encountered rapids, saw wildlife, and learned to work together as a team. i still remember the campfire songs and the smell of roasting marshmallows.",,"summer camp adventure the canoe trip down the river was both terrifying and exhilarating. we encountered rapids, saw wildlife, and learned to work together as a team. i still remember the campfire songs and the smell of roasting marshmallows. Location: camp winona Sidekicks: nan Memory Type: angst",36,14.4,False
1/6/2024 9:45:11,first bicycle,Personal,chicago,dad,Childhood,excited,"getting my first bike was a rite of passage. it was a red schwinn with a banana seat, and i thought it was the coolest thing ever. dad spent hours running behind me, holding onto the seat as i wobbled down the sidewalk. when he finally let go, i crashed into a bush—but i got up grinning, knowing i had just conquered something big.",,"first bicycle getting my first bike was a rite of passage. it was a red schwinn with a banana seat, and i thought it was the coolest thing ever. dad spent hours running behind me, holding onto the seat as i wobbled down the sidewalk. when he finally let go, i crashed into a bush—but i got up grinning, knowing i had just conquered something big. Location: chicago Sidekicks: dad Memory Type: excited",64,25.6,False
1/8/2024 14:22:59,first day of college,Personal,boston,,Twenties,nervous,"i arrived at my dorm with two suitcases and a heart full of nerves. my roommate was already unpacked, her side of the room decorated with fairy lights and posters of rock bands i had never heard of. orientation felt overwhelming, but by the end of the day, i had found a few friendly faces and realized that maybe, just maybe, i’d be okay.",,"first day of college i arrived at my dorm with two suitcases and a heart full of nerves. my roommate was already unpacked, her side of the room decorated with fairy lights and posters of rock bands i had never heard of. orientation felt overwhelming, but by the end of the day, i had found a few friendly faces and realized that maybe, just maybe, i’d be okay. Location: boston Sidekicks: nan Memory Type: nervous",64,25.6,False
10/15/2024 6:03:20,exploring scotland,Personal,scottish highlands,wife,Encore,happy,"after i retired, my wife and i decided to take a long-awaited trip to scotland. we rented a car and drove through the breathtaking landscapes of the highlands, visiting ancient castles, charming villages, and stunning lochs. we hiked through heather-covered hills, sampled local whisky, and listened to traditional music in cozy pubs. the whole trip felt like stepping back in time. i especially loved the isle of skye, with its dramatic cliffs and rugged coastline.",,"exploring scotland after i retired, my wife and i decided to take a long-awaited trip to scotland. we rented a car and drove through the breathtaking landscapes of the highlands, visiting ancient castles, charming villages, and stunning lochs. we hiked through heather-covered hills, sampled local whisky, and listened to traditional music in cozy pubs. the whole trip felt like stepping back in time. i especially loved the isle of skye, with its dramatic cliffs and rugged coastline. Location: scottish highlands Sidekicks: wife Memory Type: happy",75,30.0,False
10/17/2024 5:41:39,first day at the factory,Professional,textile mill,mr johnson,Twenties,excited,"my first job out of high school was working at the local textile mill. it was tough work, long hours, and the noise was deafening. i remember being overwhelmed on my first day, trying to keep up with the machines and not make any mistakes. mr. johnson, my supervisor, was a gruff but fair man. he showed me the ropes and taught me the importance of hard work and dedication. i didn't stay there long, but i learned a lot about myself and the value of a steady paycheck.",,"first day at the factory my first job out of high school was working at the local textile mill. it was tough work, long hours, and the noise was deafening. i remember being overwhelmed on my first day, trying to keep up with the machines and not make any mistakes. mr. johnson, my supervisor, was a gruff but fair man. he showed me the ropes and taught me the importance of hard work and dedication. i didn't stay there long, but i learned a lot about myself and the value of a steady paycheck. Location: textile mill Sidekicks: mr johnson Memory Type: excited",89,35.6,True
10/17/2024 6:14:13,building our dream house,Personal,lincoln,wife,Midlife,happy,"building our own house was a huge undertaking, but it was also incredibly rewarding. we spent months poring over blueprints, choosing fixtures, and working with contractors. there were definitely stressful moments, like when the foundation flooded or when the roof leaked. but in the end, we created a beautiful home where we raised our family and made countless memories. i can still picture my kids running through the backyard, playing hide-and-seek among the trees.",,"building our dream house building our own house was a huge undertaking, but it was also incredibly rewarding. we spent months poring over blueprints, choosing fixtures, and working with contractors. there were definitely stressful moments, like when the foundation flooded or when the roof leaked. but in the end, we created a beautiful home where we raised our family and made countless memories. i can still picture my kids running through the backyard, playing hide-and-seek among the trees. Location: lincoln Sidekicks: wife Memory Type: happy",74,29.6,False
10/19/2024 8:01:29,buying a new car,Personal,car dealership,,Midlife,excited,it was a big purchase but we needed a reliable car for our growing family.,,buying a new car it was a big purchase but we needed a reliable car for our growing family. Location: car dealership Sidekicks: nan Memory Type: excited,15,6.0,False
10/31/2024 17:23:14,childhood bike rides,Personal,neighborhood streets,jimmy,Childhood,happy,"i remember those long summer days when jimmy and i would spend hours riding our bikes around the neighborhood. we'd build ramps out of plywood scraps, race down hills, and pretend we were exploring uncharted territory. one time, we even tried to jump our bikes over a trash can, which ended spectacularly with both of us crashing. we scraped our knees and elbows, but we just laughed it off and went right back to riding. those were some of the best times of my childhood.",,"childhood bike rides i remember those long summer days when jimmy and i would spend hours riding our bikes around the neighborhood. we'd build ramps out of plywood scraps, race down hills, and pretend we were exploring uncharted territory. one time, we even tried to jump our bikes over a trash can, which ended spectacularly with both of us crashing. we scraped our knees and elbows, but we just laughed it off and went right back to riding. those were some of the best times of my childhood. Location: neighborhood streets Sidekicks: jimmy Memory Type: happy",85,34.0,True
10/9/2023 08:45:15,first day of high school,Personal,lincoln,,Teenage,anxious,"first day of high school. new building, new people, and the awkwardness of finding my locker.",,"first day of high school first day of high school. new building, new people, and the awkwardness of finding my locker. Location: lincoln Sidekicks: nan Memory Type: anxious",16,6.4,False
11/10/2024 18:07:44,my first art exhibition,Professional,art gallery,,Twenties,nervous,"i had been painting for years, but i had never shown my work in public. finally, i decided to submit some of my paintings to a local art gallery. to my surprise, they accepted them for an exhibition. it was a nerve-wracking but exciting experience to see my work displayed in a gallery. it gave me the confidence to continue pursuing my passion for art.",,"my first art exhibition i had been painting for years, but i had never shown my work in public. finally, i decided to submit some of my paintings to a local art gallery. to my surprise, they accepted them for an exhibition. it was a nerve-wracking but exciting experience to see my work displayed in a gallery. it gave me the confidence to continue pursuing my passion for art. Location: art gallery Sidekicks: nan Memory Type: nervous",65,26.0,False
11/12/2024 21:33:21,family camping trip,Personal,yosemite national park,,Midlife,happy,"we packed up the car and headed to yosemite for a week of camping. we hiked to waterfalls, climbed granite cliffs, and roasted marshmallows around the campfire. the kids loved exploring the wilderness and sleeping under the stars. it was a great way to bond as a family and appreciate the beauty of nature.",,"family camping trip we packed up the car and headed to yosemite for a week of camping. we hiked to waterfalls, climbed granite cliffs, and roasted marshmallows around the campfire. the kids loved exploring the wilderness and sleeping under the stars. it was a great way to bond as a family and appreciate the beauty of nature. Location: yosemite national park Sidekicks: nan Memory Type: happy",54,21.6,False
11/14/2024 11:50:37,landing my first big client,Professional,downtown office building,,Twenties,nervous,"i had been working in sales for a few years, but i hadn't yet landed a really big client. then, i got a lead on a major company that was looking for our services. i put together a killer presentation and went into the meeting feeling confident but nervous. to my surprise, they loved my pitch and signed a contract on the spot. it was a huge win for me and my company, and it gave me the confidence to take on even bigger challenges.",,"landing my first big client i had been working in sales for a few years, but i hadn't yet landed a really big client. then, i got a lead on a major company that was looking for our services. i put together a killer presentation and went into the meeting feeling confident but nervous. to my surprise, they loved my pitch and signed a contract on the spot. it was a huge win for me and my company, and it gave me the confidence to take on even bigger challenges. Location: downtown office building Sidekicks: nan Memory Type: nervous",85,34.0,True
11/15/2024 11:12:09,learning to play the piano,Personal,home,,Encore,angst,"i had always wanted to learn to play the piano, but i never had the time. now that i'm retired, i finally have the opportunity. it's challenging, but i'm enjoying the process. i'm slowly learning to read music and play some of my favorite songs.",,"learning to play the piano i had always wanted to learn to play the piano, but i never had the time. now that i'm retired, i finally have the opportunity. it's challenging, but i'm enjoying the process. i'm slowly learning to read music and play some of my favorite songs. Location: home Sidekicks: nan Memory Type: angst",45,18.0,False
11/18/2024 16:20:45,attending a broadway show,Personal,new york city,,Senior,happy,"we took a trip to new york city to see a broadway show. the performance was spectacular, with amazing singing, dancing, and costumes. it was a truly unforgettable experience.",,"attending a broadway show we took a trip to new york city to see a broadway show. the performance was spectacular, with amazing singing, dancing, and costumes. it was a truly unforgettable experience. Location: new york city Sidekicks: nan Memory Type: happy",29,11.6,False
11/20/2024 13:58:32,the time i broke my arm,Personal,school playground,,Childhood,sad,"i was playing tag with my friends at recess when i tripped and fell, breaking my arm. it was a painful experience, but i learned a valuable lesson about being careful. i also learned that my friends were there for me when i needed them.",,"the time i broke my arm i was playing tag with my friends at recess when i tripped and fell, breaking my arm. it was a painful experience, but i learned a valuable lesson about being careful. i also learned that my friends were there for me when i needed them. Location: school playground Sidekicks: nan Memory Type: sad",45,18.0,False
11/23/2024 06:30:17,writing my memoirs,Personal,home office,,Senior,angst,"i'm writing my memoirs, reflecting on my life and all the experiences i've had. it's a way to preserve my memories and share them with my family and friends.",,"writing my memoirs i'm writing my memoirs, reflecting on my life and all the experiences i've had. it's a way to preserve my memories and share them with my family and friends. Location: home office Sidekicks: nan Memory Type: angst",29,11.6,False
11/23/2024 09:20:24,graduating from college,Personal,university campus,,Twenties,proud,"i graduated from college with honors. it was a major accomplishment, and i was so proud of myself. i knew that i had a bright future ahead of me.",,"graduating from college i graduated from college with honors. it was a major accomplishment, and i was so proud of myself. i knew that i had a bright future ahead of me. Location: university campus Sidekicks: nan Memory Type: proud",29,11.6,False
11/23/2024 15:00:22,the time i won a spelling bee,Personal,school auditorium,,Childhood,proud,"i studied hard for the spelling bee, and it paid off. i won first place! it was a proud moment for me.",,"the time i won a spelling bee i studied hard for the spelling bee, and it paid off. i won first place! it was a proud moment for me. Location: school auditorium Sidekicks: nan Memory Type: proud",22,8.8,False
11/23/2024 19:50:15,taking a photography class,Personal,community college,,Encore,happy,"i've always been interested in photography, so i decided to take a class. i'm learning about composition, lighting, and different techniques. it's a fun and creative hobby.",,"taking a photography class i've always been interested in photography, so i decided to take a class. i'm learning about composition, lighting, and different techniques. it's a fun and creative hobby. Location: community college Sidekicks: nan Memory Type: happy",27,10.8,False
11/23/2024 5:57:54,the birth of my son,Personal,hospital,,Midlife,happy,"the birth of my son was another life-changing moment. it was a long and difficult labor, but when i finally held him in my arms, i was overwhelmed with love and gratitude. he was so tiny and perfect, and i knew that my life would never be the same. i remember the sleepless nights, the endless diaper changes, and the constant worry, but i also remember the joy of watching him grow and learn.",,"the birth of my son the birth of my son was another life-changing moment. it was a long and difficult labor, but when i finally held him in my arms, i was overwhelmed with love and gratitude. he was so tiny and perfect, and i knew that my life would never be the same. i remember the sleepless nights, the endless diaper changes, and the constant worry, but i also remember the joy of watching him grow and learn. Location: hospital Sidekicks: nan Memory Type: happy",74,29.6,False
11/23/2024 8:40:17,solo backpacking through europe,Personal,europe,,Twenties,angst,"i had always wanted to travel the world, so after college, i decided to take a solo backpacking trip through europe. it was an amazing experience. i visited different countries, met new people, and saw some incredible sights. i learned a lot about myself and the world on that trip.",,"solo backpacking through europe i had always wanted to travel the world, so after college, i decided to take a solo backpacking trip through europe. it was an amazing experience. i visited different countries, met new people, and saw some incredible sights. i learned a lot about myself and the world on that trip. Location: europe Sidekicks: nan Memory Type: angst",50,20.0,False
11/25/2024 22:19:50,starting my own business,Professional,home office,,Midlife,excited,"i had always dreamed of starting my own business, and finally, i took the leap. it was a lot of work, but it was also incredibly rewarding. i learned so much about myself and the business world. it was a challenging but ultimately successful experience.",,"starting my own business i had always dreamed of starting my own business, and finally, i took the leap. it was a lot of work, but it was also incredibly rewarding. i learned so much about myself and the business world. it was a challenging but ultimately successful experience. Location: home office Sidekicks: nan Memory Type: excited",45,18.0,False
11/27/2024 10:14:30,volunteering at a hospital,Personal,local hospital,,Encore,happy,"i wanted to use my retirement to help others, so i started volunteering at a local hospital. i spend time with patients, read to them, and help them with their needs. it's a rewarding experience to be able to make a difference in people's lives.",,"volunteering at a hospital i wanted to use my retirement to help others, so i started volunteering at a local hospital. i spend time with patients, read to them, and help them with their needs. it's a rewarding experience to be able to make a difference in people's lives. Location: local hospital Sidekicks: nan Memory Type: happy",45,18.0,False
11/3/2024 5:56:15,granddaughter's ballet recital,Personal,local theater,,Senior,happy,"seeing my granddaughter perform in her ballet recital brought tears to my eyes. she was so graceful and poised, twirling across the stage in her beautiful costume. it reminded me of my own love for dance when i was a young girl. i was so proud of her hard work and dedication. it's wonderful to see the next generation pursuing their passions and bringing joy to others.",,"granddaughter's ballet recital seeing my granddaughter perform in her ballet recital brought tears to my eyes. she was so graceful and poised, twirling across the stage in her beautiful costume. it reminded me of my own love for dance when i was a young girl. i was so proud of her hard work and dedication. it's wonderful to see the next generation pursuing their passions and bringing joy to others. Location: local theater Sidekicks: nan Memory Type: happy",67,26.8,False
11/30/2024 15:45:12,celebrating my 90th birthday,Personal,home,,Senior,happy,"i was surrounded by my loved ones as i celebrated my 90th birthday. it was a wonderful day filled with laughter, love, and memories. i'm so grateful for all the blessings in my life.",,"celebrating my 90th birthday i was surrounded by my loved ones as i celebrated my 90th birthday. it was a wonderful day filled with laughter, love, and memories. i'm so grateful for all the blessings in my life. Location: home Sidekicks: nan Memory Type: happy",34,13.6,False
11/4/2024 6:56:54,getting my first job,Professional,retail store,,Twenties,excited,"i got my first job after high school. it was a minimum wage job, but it taught me the value of hard work and responsibility.",,"getting my first job i got my first job after high school. it was a minimum wage job, but it taught me the value of hard work and responsibility. Location: retail store Sidekicks: nan Memory Type: excited",25,10.0,False
11/4/2024 7:15:32,building a model train layout,Personal,basement,,Encore,angst,"i've always been fascinated by model trains, so i decided to build a layout in my basement. it's a huge project, but it's a lot of fun. i've spent hours designing the track, building the scenery, and wiring the trains. it's a great way to relax and be creative.",,"building a model train layout i've always been fascinated by model trains, so i decided to build a layout in my basement. it's a huge project, but it's a lot of fun. i've spent hours designing the track, building the scenery, and wiring the trains. it's a great way to relax and be creative. Location: basement Sidekicks: nan Memory Type: angst",49,19.6,False
11/5/2024 6:59:45,the summer i learned to sail,Personal,lake michigan,,Childhood,happy,"that summer, i spent every spare moment at the lake, learning to sail. it was challenging at first, trying to understand the wind and the sails, but i was determined to master it. i remember the thrill of catching the wind and gliding across the water, the sun on my face and the spray of the waves. by the end of the summer, i could handle a small sailboat on my own, and i felt a sense of accomplishment that i'll never forget.",,"the summer i learned to sail that summer, i spent every spare moment at the lake, learning to sail. it was challenging at first, trying to understand the wind and the sails, but i was determined to master it. i remember the thrill of catching the wind and gliding across the water, the sun on my face and the spray of the waves. by the end of the summer, i could handle a small sailboat on my own, and i felt a sense of accomplishment that i'll never forget. Location: lake michigan Sidekicks: nan Memory Type: happy",83,33.2,True
11/6/2024 9:45:11,traveling to japan,Personal,tokyo,,Senior,happy,"visiting japan was a dream come true. i was fascinated by the culture, the food, and the beautiful scenery. we visited ancient temples, bustling cities, and serene gardens. i especially loved the traditional tea ceremony and the delicious sushi. it was a truly unforgettable experience.",,"traveling to japan visiting japan was a dream come true. i was fascinated by the culture, the food, and the beautiful scenery. we visited ancient temples, bustling cities, and serene gardens. i especially loved the traditional tea ceremony and the delicious sushi. it was a truly unforgettable experience. Location: tokyo Sidekicks: nan Memory Type: happy",45,18.0,False
11/8/2024 14:22:59,learning to knit,Personal,my aunt's house,,Childhood,angst,"my aunt taught me how to knit when i was a little girl. i was terrible at it at first, but she was patient and encouraging. eventually, i learned to knit scarves, hats, and even sweaters. it's a relaxing and creative hobby, and it's also a nice way to make gifts for friends and family.",,"learning to knit my aunt taught me how to knit when i was a little girl. i was terrible at it at first, but she was patient and encouraging. eventually, i learned to knit scarves, hats, and even sweaters. it's a relaxing and creative hobby, and it's also a nice way to make gifts for friends and family. Location: my aunt's house Sidekicks: nan Memory Type: angst",55,22.0,False
11/9/2023 08:45:15,becoming a grandparent,Personal,hospital,,Senior,happy,"i became a grandparent for the first time. it was a joyous occasion, and i was so happy to welcome my grandchild into the world.",,"becoming a grandparent i became a grandparent for the first time. it was a joyous occasion, and i was so happy to welcome my grandchild into the world. Location: hospital Sidekicks: nan Memory Type: happy",25,10.0,False
12/14/2024 11:50:37,taking a cooking class,Personal,community center,,Encore,angst,i've always wanted to learn how to cook better. it's a fun and practical skill to have.,,taking a cooking class i've always wanted to learn how to cook better. it's a fun and practical skill to have. Location: community center Sidekicks: nan Memory Type: angst,17,6.8,False
12/2/2024 18:21:50,the time i got lost in the woods,Personal,hiking trail,,Childhood,sad,"i was hiking with my family when i wandered off the trail and got lost. i was scared and alone, but eventually, i found my way back. it was a frightening experience, but it taught me the importance of staying with the group.",,"the time i got lost in the woods i was hiking with my family when i wandered off the trail and got lost. i was scared and alone, but eventually, i found my way back. it was a frightening experience, but it taught me the importance of staying with the group. Location: hiking trail Sidekicks: nan Memory Type: sad",43,17.2,False
12/23/2024 5:57:54,visiting my grandparents,Personal,omaha,,Childhood,happy,i cherish the memories of spending time with my grandparents. they taught me so much about life.,,visiting my grandparents i cherish the memories of spending time with my grandparents. they taught me so much about life. Location: omaha Sidekicks: nan Memory Type: happy,17,6.8,False
12/3/2024 5:56:15,giving a presentation at a conference,Professional,nashville,,Twenties,nervous,i was nervous but i did it! it was a great opportunity to share my work and network with other professionals.,,giving a presentation at a conference i was nervous but i did it! it was a great opportunity to share my work and network with other professionals. Location: nashville Sidekicks: nan Memory Type: nervous,21,8.4,False
12/5/2024 6:59:45,going on a cruise,Personal,caribbean,,Midlife,happy,it was a relaxing and enjoyable vacation. we loved exploring the different islands and trying new foods.,,going on a cruise it was a relaxing and enjoyable vacation. we loved exploring the different islands and trying new foods. Location: caribbean Sidekicks: nan Memory Type: happy,17,6.8,False
12/5/2024 9:30:14,my first apartment,Personal,lincoln,,Twenties,happy,"i moved into my first apartment after college. it was a small and cramped space, but it was mine. i loved the freedom and independence of living on my own.",,"my first apartment i moved into my first apartment after college. it was a small and cramped space, but it was mine. i loved the freedom and independence of living on my own. Location: lincoln Sidekicks: nan Memory Type: happy",30,12.0,False
2/2/2024 18:21:50,my wedding day,Personal,charleston,spouse,Midlife,emotional,"standing at the altar, watching my partner walk down the aisle, everything else faded away. the day was a whirlwind of hugs, laughter, and happy tears. even the rain couldn’t ruin it—it just made for better pictures.",,"my wedding day standing at the altar, watching my partner walk down the aisle, everything else faded away. the day was a whirlwind of hugs, laughter, and happy tears. even the rain couldn’t ruin it—it just made for better pictures. Location: charleston Sidekicks: spouse Memory Type: emotional",37,14.8,False
2/5/2024 9:30:14,learning to cook,Personal,home,,Twenties,frustrating,"my first attempt at making dinner ended in disaster—burnt chicken, overcooked rice, and a smoke alarm going off. but slowly, i learned. now, cooking is my favorite way to unwind, even if i still burn things sometimes.",,"learning to cook my first attempt at making dinner ended in disaster—burnt chicken, overcooked rice, and a smoke alarm going off. but slowly, i learned. now, cooking is my favorite way to unwind, even if i still burn things sometimes. Location: home Sidekicks: nan Memory Type: frustrating",37,14.8,False
5/17/2024 5:41:39,joining a book club,Personal,local library,,Encore,happy,it's a great way to socialize and discuss interesting books. i've discovered so many new authors.,,joining a book club it's a great way to socialize and discuss interesting books. i've discovered so many new authors. Location: local library Sidekicks: nan Memory Type: happy,16,6.4,False
5/17/2024 6:14:13,celebrating our 50th anniversary,Personal,restaurant,,Senior,happy,it was a wonderful celebration of our long and happy marriage. we're so grateful for all the years we've shared together.,,celebrating our 50th anniversary it was a wonderful celebration of our long and happy marriage. we're so grateful for all the years we've shared together. Location: restaurant Sidekicks: nan Memory Type: happy,21,8.4,False
6/20/2024 14:32:01,learning to ride a bike,Personal,hometown,dad,Childhood,exciting,"the first time i rode a bike without training wheels. i remember the wobbling, the thrill, and then the crash into the bushes.",,"learning to ride a bike the first time i rode a bike without training wheels. i remember the wobbling, the thrill, and then the crash into the bushes. Location: hometown Sidekicks: dad Memory Type: exciting",23,9.2,False
7/15/2024 6:03:20,building a snowman,Personal,my front yard,,Childhood,excited,we spent hours building the biggest snowman ever. it was so much fun playing in the snow.,,building a snowman we spent hours building the biggest snowman ever. it was so much fun playing in the snow. Location: my front yard Sidekicks: nan Memory Type: excited,17,6.8,False
7/24/2024 21:15:30,hometown,Personal,hometown,,Childhood,magical,"watching fireworks from the rooftop with my family. the sky lit up in reds and blues, and i felt infinite.",,"hometown watching fireworks from the rooftop with my family. the sky lit up in reds and blues, and i felt infinite. Location: hometown Sidekicks: nan Memory Type: magical",20,8.0,False
7/4/2024 13:00:01,college follies,Personal,kansas,,Twenties,adventurous,a spontaneous road trip with friends. we got lost but found a small diner with the best pie ever.,,college follies a spontaneous road trip with friends. we got lost but found a small diner with the best pie ever. Location: kansas Sidekicks: nan Memory Type: adventurous,19,7.6,False
8/24/2024 21:15:30,getting married,Personal,church,,Midlife,happy,"i married the love of my life. it was the happiest day of my life. we've been together ever since, and our love has only grown stronger.",,"getting married i married the love of my life. it was the happiest day of my life. we've been together ever since, and our love has only grown stronger. Location: church Sidekicks: nan Memory Type: happy",27,10.8,False
8/4/2024 13:00:01,retiring from my job,Professional,acme meatpaking,,Encore,happy,"after many years of hard work, i finally retired. it was a bittersweet moment, but i was looking forward to spending more time with my family and pursuing my hobbies.",,"retiring from my job after many years of hard work, i finally retired. it was a bittersweet moment, but i was looking forward to spending more time with my family and pursuing my hobbies. Location: acme meatpaking Sidekicks: nan Memory Type: happy",30,12.0,False
9/20/2024 14:32:01,learning to ski,Personal,ski resort,,Midlife,angst,"i had always wanted to learn to ski, so i finally took some lessons. it was harder than it looked, but i eventually got the hang of it. i loved the feeling of gliding down the slopes and enjoying the beautiful scenery.",,"learning to ski i had always wanted to learn to ski, so i finally took some lessons. it was harder than it looked, but i eventually got the hang of it. i loved the feeling of gliding down the slopes and enjoying the beautiful scenery. Location: ski resort Sidekicks: nan Memory Type: angst",42,16.8,False
1/12/2025 15:09:18,playing sports with friends,Personal,local park,,Childhood,happy,we played everything from baseball to basketball to soccer. it was a great way to stay active and have fun.,,playing sports with friends we played everything from baseball to basketball to soccer. it was a great way to stay active and have fun. Location: local park Sidekicks: nan Memory Type: happy,20,8.0,False
1/12/2025 16:29:25,getting my driver's license,Personal,dmv,,Childhood,excited,it was a rite of passage. i felt so grown up and independent.,,getting my driver's license it was a rite of passage. i felt so grown up and independent. Location: dmv Sidekicks: nan Memory Type: excited,13,5.2,False
10/12/2025 15:09:18,hiking the appalachian trail,Personal,appalachian mountains,,Encore,happy,"hiking a section of the appalachian trail had been on my bucket list for years. so, i packed my gear and set off with a friend for a week-long trek. it was physically demanding, but the scenery was absolutely stunning. we camped under the stars, cooked our meals over a campfire, and met some interesting people along the way. it was a great way to reconnect with nature and challenge myself physically and mentally.",,"hiking the appalachian trail hiking a section of the appalachian trail had been on my bucket list for years. so, i packed my gear and set off with a friend for a week-long trek. it was physically demanding, but the scenery was absolutely stunning. we camped under the stars, cooked our meals over a campfire, and met some interesting people along the way. it was a great way to reconnect with nature and challenge myself physically and mentally. Location: appalachian mountains Sidekicks: nan Memory Type: happy",74,29.6,False
10/12/2025 16:29:25,volunteering at the local food bank,Personal,community center,,Senior,happy,"in my retirement, i wanted to give back to the community, so i started volunteering at the local food bank. it's a humbling experience to see how many people struggle with food insecurity. i help sort and pack food donations, and i also deliver meals to seniors who are homebound. it's a small way to make a difference, but it's very rewarding.",,"volunteering at the local food bank in my retirement, i wanted to give back to the community, so i started volunteering at the local food bank. it's a humbling experience to see how many people struggle with food insecurity. i help sort and pack food donations, and i also deliver meals to seniors who are homebound. it's a small way to make a difference, but it's very rewarding. Location: community center Sidekicks: nan Memory Type: happy",62,24.8,False
10/15/2025 6:32:58,learning to play bridge,Personal,grandma's house,grandma,Childhood,angst,"my grandmother was a passionate bridge player, and she taught me the basics when i was a kid. i didn't really understand the game then, but i enjoyed spending time with her and listening to her stories. as i got older, i learned to appreciate the strategy and skill involved in bridge. it's a great game for keeping your mind sharp, and it's also a fun way to socialize with friends.",,"learning to play bridge my grandmother was a passionate bridge player, and she taught me the basics when i was a kid. i didn't really understand the game then, but i enjoyed spending time with her and listening to her stories. as i got older, i learned to appreciate the strategy and skill involved in bridge. it's a great game for keeping your mind sharp, and it's also a fun way to socialize with friends. Location: grandma's house Sidekicks: grandma Memory Type: angst",71,28.4,False
10/30/2025 4:37:37,my first stand-up comedy gig,Personal,local comedy club,,Twenties,nervous,"i had always dreamed of trying stand-up comedy, but i was terrified of public speaking. finally, i decided to take the plunge and signed up for an open mic night at a local comedy club. i was so nervous that i almost threw up before going on stage. my set was a disaster – i bombed miserably. but i didn't give up. i kept practicing and performing, and eventually, i got better. it was a long and difficult journey, but i'm glad i stuck with it.",,"my first stand-up comedy gig i had always dreamed of trying stand-up comedy, but i was terrified of public speaking. finally, i decided to take the plunge and signed up for an open mic night at a local comedy club. i was so nervous that i almost threw up before going on stage. my set was a disaster – i bombed miserably. but i didn't give up. i kept practicing and performing, and eventually, i got better. it was a long and difficult journey, but i'm glad i stuck with it. Location: local comedy club Sidekicks: nan Memory Type: nervous",86,34.4,True
10/31/2025 7:02:10,our family trip to disney world,Personal,orlando,children,Midlife,happy,"taking our kids to disney world was a magical experience. we spent days exploring the parks, riding the roller coasters, and meeting all the disney characters. the kids were so excited and happy, and it was wonderful to see their faces light up. we made some great memories on that trip, and it's something that we'll always cherish.",,"our family trip to disney world taking our kids to disney world was a magical experience. we spent days exploring the parks, riding the roller coasters, and meeting all the disney characters. the kids were so excited and happy, and it was wonderful to see their faces light up. we made some great memories on that trip, and it's something that we'll always cherish. Location: orlando Sidekicks: children Memory Type: happy",58,23.2,False
