Timestamp,Title,Category,Location,Sidekicks,Era,Memory_Type,Memory_Description,Attachment
3/27/2023 17:30:20,First Marathon,Personal,Lincoln ,,Midlife,Accomplishment,"Ran my first marathon. The last mile was brutal, but crossing the finish line was pure euphoria.",
4/27/2023 17:30:20,The Time I Met My Idol,Personal,Concert Venue,,Childhood,Happy,I met my idol at a concert.  It was a dream come true.  I was so excited to meet them and get their autograph.,
1/10/2024 18:07:44,Starting My Own Business,Professional,San Francisco,None,Midlife,Excited,"Quitting my job to start my own business was terrifying. I had saved up for years, drafted countless plans, and yet, nothing prepared me for the sheer adrenaline of launching my first product. The first sale came at 2 AM—I refreshed the page three times to make sure it was real. That was the moment I knew I was onto something.",
1/11/2024 6:23:33,First Job Interview,Professional,Corporate Office,Mr. Smith,Twenties,Nervous,"I was so nervous I almost spilled my coffee on the interviewer!  Despite my nerves, I managed to answer his questions and landed the job. It was the start of my career.",
1/12/2024 14:57:14,Family Christmas,Personal,Home,,Midlife,Excited,"Christmas at our house is always chaotic but filled with love.  The kids open presents, we eat a huge meal, and then play games late into the night. It's my favorite time of year.",
1/12/2024 16:31:54,Learning to Play Guitar,Personal,Living Room,Kent,Encore,Angst,"I always wanted to learn an instrument, and retirement seemed like the perfect opportunity.  It's challenging but rewarding.  I'm not very good yet, but I enjoy practicing and learning new songs.",
1/12/2024 21:33:21,The Blizzard of '92,Personal,New York,Family,Midlife,Adventurous,"The snowstorm hit suddenly, turning the city into a frozen wonderland. With the power out, we bundled up in blankets and told stories by candlelight. The next morning, we ventured outside to find the streets covered in waist-high snowdrifts. I’ll never forget the sight of kids sledding down Park Avenue—it was like the city had turned into one giant playground.",
1/13/2024 5:41:40,Visiting the Grand Canyon,Personal,Grand Canyon National Park,Manscouts,Senior,Exhilarating,"The sheer scale of the canyon is breathtaking.  I felt so small and insignificant standing at the edge, looking out at the vast landscape. It's a memory I'll cherish forever.",
1/13/2024 6:05:27,Building a Treehouse,Personal,Backyard,Dad,Childhood,Proud,"We spent weeks constructing the treehouse.  It wasn't perfect, but it was ours.  We spent countless hours playing in it, pretending it was a pirate ship or a secret hideout.",
1/14/2024 7:17:24,College Graduation,Personal,University Stadium,My family,Twenties,Happy,Walking across the stage to receive my diploma was a moment of pure triumph.  All those years of studying and hard work had finally paid off.,
1/15/2024 11:12:09,First Job Interview,Professional,Seattle,None,Twenties,Nervous,"My palms were sweaty as I walked into the office for my first real job interview. I had practiced answering common questions, but nothing could stop the butterflies in my stomach. The interviewer smiled and asked, ‘Tell me about yourself.’ My mind went blank for a second before I blurted out, ‘I really like spreadsheets.’ Somehow, I still got the job.",
1/15/2024 6:32:58,Attending a Concert,Personal,Concert Hall,,Senior,Happy,I love listening to live music.  It's such a powerful experience.,
1/18/2024 16:20:45,Camping in the Rockies,Personal,Colorado,Best Friend,Twenties,Adventurous,"We had packed light—too light, as it turned out. The temperature dropped below freezing, and we huddled in our sleeping bags, regretting every ounce of gear we had left behind. But waking up to the sun rising over the Rockies, painting the sky in shades of pink and gold, made it all worth it.",
1/18/2024 7:20:00,My Wedding Day,Personal,Local Church,Wife & Family,Midlife,Happy,"It was the most magical day of my life.  Everything was perfect, from the flowers to the music to the vows.  I felt like a princess.",
1/19/2024 5:50:12,Volunteering at the Animal Shelter,Professional,Local Animal Shelter,,Encore,Rewarding,"It's so rewarding to help animals in need.  I love spending time with the dogs and cats, giving them attention and love.",
1/19/2024 8:01:29,First Promotion at Work,Professional,Office Building,Boss,Twenties,Proud,I worked hard and it felt great to be recognized for my efforts.  It motivated me to keep striving for success.,
1/20/2024 13:58:32,My First Apartment,Personal,Los Angeles,None,Twenties,Excited,"It was tiny, the walls were thin, and the neighbors were noisy—but it was mine. I had mismatched furniture from thrift stores and a mattress on the floor. Cooking my first meal (burnt pasta) felt like a victory. Independence had never tasted so… smoky.",
1/23/2024 06:30:17,First Bike,Personal,Hometown,,Childhood,Joyful,"Christmas morning as a child. Rushing downstairs, heart pounding, and seeing the big red bike under the tree.",
1/23/2024 09:20:24,First Presentation,Professional,Lincoln,,Midlife,Achievement,"First big presentation at work. I was nervous, but I nailed it. My boss gave me a nod of approval afterward.",
1/23/2024 15:00:22,Our Dog Max,Personal,Lincoln,,Midlife,Heartwarming,"The day I adopted my dog, Max. He was so small, scared, and adorable. He wouldn’t stop licking my face.",
1/23/2024 19:50:15,Going to College,Personal,Lincoln,Parents,Twenties,Milestone,"College move-in day. My parents helped me set up my tiny dorm room, and I met my roommate for the first time.",
1/23/2024 8:40:17,Becoming a Parent,Personal,Dallas,Spouse,Midlife,Overwhelmed,"Nothing prepared me for the moment I held my child for the first time. The world seemed to stop as I stared into those tiny eyes. I had read all the parenting books, but at that moment, I realized that nothing could truly teach me what it meant to be a parent—it was something I’d have to learn one day at a time.",
1/25/2024 22:19:50,Winning the Science Fair,Personal,Denver,School Friends,Childhood,Happy,"I spent weeks building my project—a homemade volcano powered by baking soda and vinegar. When the eruption worked perfectly in front of the judges, I knew I had nailed it. Taking home the first-place ribbon felt like winning an Olympic medal.",
1/27/2024 10:14:30,The Family Road Trip,Personal,Route 66,Family,Childhood,Adventurous,A cross-country trip in a station wagon with no air conditioning and a cooler full of sandwiches. We sang along to every radio hit and fought over the best window seat. Stopping at roadside attractions like the giant ball of yarn made every mile worth it.,
1/30/2024 15:45:12,First Concert,Personal,Nashville,Best Friend,Twenties,Excited,"Seeing my favorite band live was an experience I’ll never forget. The bass shook the floor, the lights flashed in perfect sync, and the energy of the crowd was electric. I lost my voice singing along but left with the best memories.",
1/30/2024 4:37:37,Going to the Beach,Personal,The Coast,,Childhood,Happy,"Building sandcastles, swimming in the ocean, eating ice cream – those were the best days of summer.",
1/31/2024 17:23:14,Buying Our First House,Personal,Milwaukee,,Twenties,Happy,It was a huge milestone for us.  We were so excited to finally have a place to call our own.,
1/31/2024 7:02:10,First Kiss,Personal,Lincoln,,Twenties,Excited,It was awkward but exciting.  A classic first kiss memory.,
1/4/2024 6:56:54,First Day of School,Personal,Lincoln Elementary,Mrs. Johnson,Childhood,Excited,"I remember being so nervous walking into the classroom.  All the other kids seemed to know each other, and I felt like the odd one out.  Mrs. Johnson was so kind, though. She had a warm smile and a gentle voice. She helped me find my desk and introduced me to a few other kids. By the end of the day, I had made a new friend and wasn't nearly as scared.",
1/4/2024 6:56:54,Learning to Ride a Bike,Personal,My street,Dad,Childhood,Excited,"I fell so many times, but I kept getting back up.  Finally, I was riding on my own!  It was a feeling of freedom and accomplishment.",
1/4/2024 7:15:32,Grandpa's Farm,Personal,Kansas,Grandpa,Childhood,Happy,"Summers at Grandpa’s farm were pure magic. Waking up to the smell of fresh biscuits, I’d run outside to feed the chickens before hopping on the tractor with Grandpa. Afternoons were spent catching fireflies in mason jars, and evenings meant storytelling under a sky bursting with stars. I remember the creaky old swing on the porch—it was my favorite spot to daydream.",
1/5/2024 5:10:37,Winning the Science Fair,Personal,School Auditorium,Mr. Thompson,Twenties,Happy,My project on solar energy took weeks of research and experimentation. I was so proud when I won first place! It validated all the hard work and sparked my interest in renewable energy.,
1/5/2024 5:58:34,Birth of My Daughter,Personal,City Hospital,Wife,Midlife,Delight,"The moment I held my daughter for the first time, I knew my life had changed forever. It was an overwhelming feeling of love and responsibility.  I remember staring at her tiny fingers and toes, marveling at how perfect she was.  The sleepless nights that followed were tough, but they were worth every second.",
1/5/2024 6:05:50,Retirement Trip to Italy,Personal,Rome,Wife,Encore,Happy,"After decades of working, it was finally time to relax and explore the world. Italy had always been a dream destination.  We spent two glorious weeks visiting ancient ruins, indulging in delicious food, and soaking up the vibrant culture.  The highlight was definitely the gondola ride in Venice – so romantic!",
1/5/2024 6:10:29,Grandchild's Graduation,Personal,Local High School,,Senior,Happy,"It was such a joy to see my grandson graduate.  He's such a bright young man, and I'm so proud of all he's accomplished.  It reminded me of my own graduation day, so many years ago.  Time flies by so quickly!",
1/6/2024 7:33:55,Summer Camp Adventure,Personal,Camp Winona,,Childhood,Angst,"The canoe trip down the river was both terrifying and exhilarating. We encountered rapids, saw wildlife, and learned to work together as a team.  I still remember the campfire songs and the smell of roasting marshmallows.",
1/6/2024 9:45:11,First Bicycle,Personal,Chicago,Dad,Childhood,Excited,"Getting my first bike was a rite of passage. It was a red Schwinn with a banana seat, and I thought it was the coolest thing ever. Dad spent hours running behind me, holding onto the seat as I wobbled down the sidewalk. When he finally let go, I crashed into a bush—but I got up grinning, knowing I had just conquered something big.",
1/8/2024 14:22:59,First Day of College,Personal,Boston,None,Twenties,Nervous,"I arrived at my dorm with two suitcases and a heart full of nerves. My roommate was already unpacked, her side of the room decorated with fairy lights and posters of rock bands I had never heard of. Orientation felt overwhelming, but by the end of the day, I had found a few friendly faces and realized that maybe, just maybe, I’d be okay.",
10/15/2024 6:03:20,Exploring Scotland,Personal,Scottish Highlands,Wife,Encore,Happy,"After I retired, my wife and I decided to take a long-awaited trip to Scotland.  We rented a car and drove through the breathtaking landscapes of the Highlands, visiting ancient castles, charming villages, and stunning lochs.  We hiked through heather-covered hills, sampled local whisky, and listened to traditional music in cozy pubs.  The whole trip felt like stepping back in time.  I especially loved the Isle of Skye, with its dramatic cliffs and rugged coastline.",
10/17/2024 5:41:39,First Day at the Factory,Professional,Textile Mill,Mr Johnson,Twenties,Excited,"My first job out of high school was working at the local textile mill.  It was tough work, long hours, and the noise was deafening.  I remember being overwhelmed on my first day, trying to keep up with the machines and not make any mistakes.  Mr. Johnson, my supervisor, was a gruff but fair man.  He showed me the ropes and taught me the importance of hard work and dedication.  I didn't stay there long, but I learned a lot about myself and the value of a steady paycheck.",
10/17/2024 6:14:13,Building Our Dream House,Personal,Lincoln,Wife,Midlife,Happy,"Building our own house was a huge undertaking, but it was also incredibly rewarding.  We spent months poring over blueprints, choosing fixtures, and working with contractors.  There were definitely stressful moments, like when the foundation flooded or when the roof leaked.  But in the end, we created a beautiful home where we raised our family and made countless memories.  I can still picture my kids running through the backyard, playing hide-and-seek among the trees.",
10/19/2024 8:01:29,Buying a New Car,Personal,Car Dealership,,Midlife,Excited,It was a big purchase but we needed a reliable car for our growing family.,
10/31/2024 17:23:14,Childhood Bike Rides,Personal,Neighborhood Streets,Jimmy,Childhood,Happy,"I remember those long summer days when Jimmy and I would spend hours riding our bikes around the neighborhood.  We'd build ramps out of plywood scraps, race down hills, and pretend we were exploring uncharted territory.  One time, we even tried to jump our bikes over a trash can, which ended spectacularly with both of us crashing.  We scraped our knees and elbows, but we just laughed it off and went right back to riding.  Those were some of the best times of my childhood.",
10/9/2023 08:45:15,First day of High School,Personal,Lincoln,,Teenage,Anxious,"First day of high school. New building, new people, and the awkwardness of finding my locker.",
11/10/2024 18:07:44,My First Art Exhibition,Professional,Art Gallery,,Twenties,Nervous,"I had been painting for years, but I had never shown my work in public.  Finally, I decided to submit some of my paintings to a local art gallery.  To my surprise, they accepted them for an exhibition.  It was a nerve-wracking but exciting experience to see my work displayed in a gallery.  It gave me the confidence to continue pursuing my passion for art.",
11/12/2024 21:33:21,Family Camping Trip,Personal,Yosemite National Park,,Midlife,Happy,"We packed up the car and headed to Yosemite for a week of camping.  We hiked to waterfalls, climbed granite cliffs, and roasted marshmallows around the campfire.  The kids loved exploring the wilderness and sleeping under the stars.  It was a great way to bond as a family and appreciate the beauty of nature.",
11/14/2024 11:50:37,Landing My First Big Client,Professional,Downtown Office Building,,Twenties,Nervous,"I had been working in sales for a few years, but I hadn't yet landed a really big client.  Then, I got a lead on a major company that was looking for our services.  I put together a killer presentation and went into the meeting feeling confident but nervous.  To my surprise, they loved my pitch and signed a contract on the spot.  It was a huge win for me and my company, and it gave me the confidence to take on even bigger challenges.",
11/15/2024 11:12:09,Learning to Play the Piano,Personal,Home,,Encore,Angst,"I had always wanted to learn to play the piano, but I never had the time.  Now that I'm retired, I finally have the opportunity.  It's challenging, but I'm enjoying the process.  I'm slowly learning to read music and play some of my favorite songs.",
11/18/2024 16:20:45,Attending a Broadway Show,Personal,New York City,,Senior,Happy,"We took a trip to New York City to see a Broadway show.  The performance was spectacular, with amazing singing, dancing, and costumes.  It was a truly unforgettable experience.",
11/20/2024 13:58:32,The Time I Broke My Arm,Personal,School Playground,,Childhood,Sad,"I was playing tag with my friends at recess when I tripped and fell, breaking my arm.  It was a painful experience, but I learned a valuable lesson about being careful.  I also learned that my friends were there for me when I needed them.",
11/23/2024 06:30:17,Writing My Memoirs,Personal,Home Office,,Senior,Angst,"I'm writing my memoirs, reflecting on my life and all the experiences I've had.  It's a way to preserve my memories and share them with my family and friends.",
11/23/2024 09:20:24,Graduating from College,Personal,University Campus,,Twenties,Proud,"I graduated from college with honors.  It was a major accomplishment, and I was so proud of myself.  I knew that I had a bright future ahead of me.",
11/23/2024 15:00:22,The Time I Won a Spelling Bee,Personal,School Auditorium,,Childhood,Proud,"I studied hard for the spelling bee, and it paid off.  I won first place!  It was a proud moment for me.",
11/23/2024 19:50:15,Taking a Photography Class,Personal,Community College,,Encore,Happy,"I've always been interested in photography, so I decided to take a class.  I'm learning about composition, lighting, and different techniques.  It's a fun and creative hobby.",
11/23/2024 5:57:54,The Birth of My Son,Personal,Hospital,,Midlife,Happy,"The birth of my son was another life-changing moment.  It was a long and difficult labor, but when I finally held him in my arms, I was overwhelmed with love and gratitude.  He was so tiny and perfect, and I knew that my life would never be the same.  I remember the sleepless nights, the endless diaper changes, and the constant worry, but I also remember the joy of watching him grow and learn.",
11/23/2024 8:40:17,Solo Backpacking through Europe,Personal,Europe,,Twenties,Angst,"I had always wanted to travel the world, so after college, I decided to take a solo backpacking trip through Europe.  It was an amazing experience.  I visited different countries, met new people, and saw some incredible sights.  I learned a lot about myself and the world on that trip.",
11/25/2024 22:19:50,Starting My Own Business,Professional,Home Office,,Midlife,Excited,"I had always dreamed of starting my own business, and finally, I took the leap.  It was a lot of work, but it was also incredibly rewarding.  I learned so much about myself and the business world.  It was a challenging but ultimately successful experience.",
11/27/2024 10:14:30,Volunteering at a Hospital,Personal,Local Hospital,,Encore,Happy,"I wanted to use my retirement to help others, so I started volunteering at a local hospital.  I spend time with patients, read to them, and help them with their needs.  It's a rewarding experience to be able to make a difference in people's lives.",
11/3/2024 5:56:15,Granddaughter's Ballet Recital,Personal,Local Theater,,Senior,Happy,"Seeing my granddaughter perform in her ballet recital brought tears to my eyes.  She was so graceful and poised, twirling across the stage in her beautiful costume.  It reminded me of my own love for dance when I was a young girl.  I was so proud of her hard work and dedication.  It's wonderful to see the next generation pursuing their passions and bringing joy to others.",
11/30/2024 15:45:12,Celebrating My 90th Birthday,Personal,Home,,Senior,Happy,"I was surrounded by my loved ones as I celebrated my 90th birthday.  It was a wonderful day filled with laughter, love, and memories.  I'm so grateful for all the blessings in my life.",
11/4/2024 6:56:54,Getting My First Job,Professional,Retail Store,,Twenties,Excited,"I got my first job after high school.  It was a minimum wage job, but it taught me the value of hard work and responsibility.",
11/4/2024 7:15:32,Building a Model Train Layout,Personal,Basement,,Encore,Angst,"I've always been fascinated by model trains, so I decided to build a layout in my basement.  It's a huge project, but it's a lot of fun.  I've spent hours designing the track, building the scenery, and wiring the trains.  It's a great way to relax and be creative.",
11/5/2024 6:59:45,The Summer I Learned to Sail,Personal,Lake Michigan,,Childhood,Happy,"That summer, I spent every spare moment at the lake, learning to sail.  It was challenging at first, trying to understand the wind and the sails, but I was determined to master it.  I remember the thrill of catching the wind and gliding across the water, the sun on my face and the spray of the waves.  By the end of the summer, I could handle a small sailboat on my own, and I felt a sense of accomplishment that I'll never forget.",
11/6/2024 9:45:11,Traveling to Japan,Personal,Tokyo,,Senior,Happy,"Visiting Japan was a dream come true.  I was fascinated by the culture, the food, and the beautiful scenery.  We visited ancient temples, bustling cities, and serene gardens.  I especially loved the traditional tea ceremony and the delicious sushi.  It was a truly unforgettable experience.",
11/8/2024 14:22:59,Learning to Knit,Personal,My Aunt's House,,Childhood,Angst,"My aunt taught me how to knit when I was a little girl.  I was terrible at it at first, but she was patient and encouraging.  Eventually, I learned to knit scarves, hats, and even sweaters.  It's a relaxing and creative hobby, and it's also a nice way to make gifts for friends and family.",
11/9/2023 08:45:15,Becoming a Grandparent,Personal,Hospital,,Senior,Happy,"I became a grandparent for the first time.  It was a joyous occasion, and I was so happy to welcome my grandchild into the world.",
12/14/2024 11:50:37,Taking a Cooking Class,Personal,Community Center,,Encore,Angst,I've always wanted to learn how to cook better.  It's a fun and practical skill to have.,
12/2/2024 18:21:50,The Time I Got Lost in the Woods,Personal,Hiking Trail,,Childhood,Sad,"I was hiking with my family when I wandered off the trail and got lost.  I was scared and alone, but eventually, I found my way back.  It was a frightening experience, but it taught me the importance of staying with the group.",
12/23/2024 5:57:54,Visiting My Grandparents,Personal,Omaha,,Childhood,Happy,I cherish the memories of spending time with my grandparents.  They taught me so much about life.,
12/3/2024 5:56:15,Giving a Presentation at a Conference,Professional,Nashville,,Twenties,Nervous,I was nervous but I did it!  It was a great opportunity to share my work and network with other professionals.,
12/5/2024 6:59:45,Going on a Cruise,Personal,Caribbean,,Midlife,Happy,It was a relaxing and enjoyable vacation.  We loved exploring the different islands and trying new foods.,
12/5/2024 9:30:14,My First Apartment,Personal,Lincoln,,Twenties,Happy,"I moved into my first apartment after college.  It was a small and cramped space, but it was mine.  I loved the freedom and independence of living on my own.",
2/2/2024 18:21:50,My Wedding Day,Personal,Charleston,Spouse,Midlife,Emotional,"Standing at the altar, watching my partner walk down the aisle, everything else faded away. The day was a whirlwind of hugs, laughter, and happy tears. Even the rain couldn’t ruin it—it just made for better pictures.",
2/5/2024 9:30:14,Learning to Cook,Personal,Home,None,Twenties,Frustrating,"My first attempt at making dinner ended in disaster—burnt chicken, overcooked rice, and a smoke alarm going off. But slowly, I learned. Now, cooking is my favorite way to unwind, even if I still burn things sometimes.",
5/17/2024 5:41:39,Joining a Book Club,Personal,Local Library,,Encore,Happy,It's a great way to socialize and discuss interesting books.  I've discovered so many new authors.,
5/17/2024 6:14:13,Celebrating Our 50th Anniversary,Personal,Restaurant,,Senior,Happy,It was a wonderful celebration of our long and happy marriage.  We're so grateful for all the years we've shared together.,
6/20/2024 14:32:01,Learning to Ride a bike,Personal,Hometown,Dad,Childhood,Exciting,"The first time I rode a bike without training wheels. I remember the wobbling, the thrill, and then the crash into the bushes.",
7/15/2024 6:03:20,Building a Snowman,Personal,My front yard,,Childhood,Excited,We spent hours building the biggest snowman ever.  It was so much fun playing in the snow.,
7/24/2024 21:15:30,Hometown,Personal,Hometown,,Childhood,Magical,"Watching fireworks from the rooftop with my family. The sky lit up in reds and blues, and I felt infinite.",
7/4/2024 13:00:01,College Follies,Personal,Kansas,,Twenties,Adventurous,A spontaneous road trip with friends. We got lost but found a small diner with the best pie ever.,
8/24/2024 21:15:30,Getting Married,Personal,Church,,Midlife,Happy,"I married the love of my life.  It was the happiest day of my life.  We've been together ever since, and our love has only grown stronger.",
8/4/2024 13:00:01,Retiring from My Job,Professional,ACME Meatpaking,,Encore,Happy,"After many years of hard work, I finally retired.  It was a bittersweet moment, but I was looking forward to spending more time with my family and pursuing my hobbies.",
9/20/2024 14:32:01,Learning to Ski,Personal,Ski Resort,,Midlife,Angst,"I had always wanted to learn to ski, so I finally took some lessons.  It was harder than it looked, but I eventually got the hang of it.  I loved the feeling of gliding down the slopes and enjoying the beautiful scenery.",
1/12/2025 15:09:18,Playing Sports with Friends,Personal,Local Park,,Childhood,Happy,We played everything from baseball to basketball to soccer.  It was a great way to stay active and have fun.,
1/12/2025 16:29:25,Getting My Driver's License,Personal,DMV,,Childhood,Excited,It was a rite of passage.  I felt so grown up and independent.,
10/12/2025 15:09:18,Hiking the Appalachian Trail,Personal,Appalachian Mountains,,Encore,Happy,"Hiking a section of the Appalachian Trail had been on my bucket list for years.  So, I packed my gear and set off with a friend for a week-long trek.  It was physically demanding, but the scenery was absolutely stunning.  We camped under the stars, cooked our meals over a campfire, and met some interesting people along the way.  It was a great way to reconnect with nature and challenge myself physically and mentally.",
10/12/2025 16:29:25,Volunteering at the Local Food Bank,Personal,Community Center,,Senior,Happy,"In my retirement, I wanted to give back to the community, so I started volunteering at the local food bank.  It's a humbling experience to see how many people struggle with food insecurity.  I help sort and pack food donations, and I also deliver meals to seniors who are homebound.  It's a small way to make a difference, but it's very rewarding.",
10/15/2025 6:32:58,Learning to Play Bridge,Personal,Grandma's House,Grandma,Childhood,Angst,"My grandmother was a passionate bridge player, and she taught me the basics when I was a kid.  I didn't really understand the game then, but I enjoyed spending time with her and listening to her stories.  As I got older, I learned to appreciate the strategy and skill involved in bridge.  It's a great game for keeping your mind sharp, and it's also a fun way to socialize with friends.",
10/30/2025 4:37:37,My First Stand-Up Comedy Gig,Personal,Local Comedy Club,,Twenties,Nervous,"I had always dreamed of trying stand-up comedy, but I was terrified of public speaking.  Finally, I decided to take the plunge and signed up for an open mic night at a local comedy club.  I was so nervous that I almost threw up before going on stage.  My set was a disaster – I bombed miserably.  But I didn't give up. I kept practicing and performing, and eventually, I got better.  It was a long and difficult journey, but I'm glad I stuck with it.",
10/31/2025 7:02:10,Our Family Trip to Disney World,Personal,Orlando,Children,Midlife,Happy,"Taking our kids to Disney World was a magical experience.  We spent days exploring the parks, riding the roller coasters, and meeting all the Disney characters.  The kids were so excited and happy, and it was wonderful to see their faces light up.  We made some great memories on that trip, and it's something that we'll always cherish.",
